Type,Name,Request Count,Failure Count,Median Response Time,Average Response Time,Min Response Time,Max Response Time,Average Content Size,Requests/s,Failures/s,50%,66%,75%,80%,90%,95%,98%,99%,99.9%,99.99%,100%
GET,/products,24,0,240.0,409.3336375000001,224.97250000000156,1407.2424999999998,10620.0,3.0083340916681047,0.0,250,250,270,770,880,1400,1400,1400,1400,1400,1400
POST,/products,4,0,220.0,235.85954999999956,218.33149999999966,271.2795000000003,152.0,0.5013890152780175,0.0,230,230,270,270,270,270,270,270,270,270,270
DELETE,/products/1,3,0,330.0,329.01423333333327,316.12840000000017,342.3859,364.0,0.3760417614585131,0.0,330,330,340,340,340,340,340,340,340,340,340
GET,/products/1,9,0,380.0,492.0146555555556,218.2493000000001,1138.2082000000003,364.0,1.1281252843755394,0.0,380,480,730,800,1100,1100,1100,1100,1100,1100,1100
PUT,/products/1,4,0,240.0,275.9369000000005,228.56380000000166,397.01070000000004,159.0,0.5013890152780175,0.0,240,240,400,400,400,400,400,400,400,400,400
,Aggregated,44,0,250.0,392.87199318181825,218.2493000000001,1407.2424999999998,5920.272727272727,5.515279168058193,0.0,250,270,380,480,810,1100,1400,1400,1400,1400,1400
