Type,Name,Request Count,Failure Count,Median Response Time,Average Response Time,Min Response Time,Max Response Time,Average Content Size,Requests/s,Failures/s,50%,66%,75%,80%,90%,95%,98%,99%,99.9%,99.99%,100%
GET,/api/v1/users,3,3,86,281.02393333333356,72.68539999999923,684.5034000000005,8496.0,0.3841208700650403,0.3841208700650403,86,86,680,680,680,680,680,680,680,680,680
POST,/api/v1/users,14,14,68,153.51344285714262,54.70929999999896,703.6239999999996,0.0,1.7925640603035213,1.7925640603035213,69,100,170,260,330,700,700,700,700,700,700
DELETE,/api/v1/users/1,18,18,80,183.10336666666666,58.18390000000129,708.2535999999999,0.0,2.304725220390242,2.304725220390242,81,83,87,260,660,710,710,710,710,710,710
GET,/api/v1/users/1,3,3,120.0,118.48139999999971,104.06019999999927,126.54509999999952,8496.0,0.3841208700650403,0.3841208700650403,120,120,130,130,130,130,130,130,130,130,130
PUT,/api/v1/users/1,10,10,66,122.12021999999972,58.11339999999987,390.64069999999964,0.0,1.280402900216801,1.280402900216801,78,81,87,270,390,390,390,390,390,390,390
,Aggregated,48,48,80,163.84931249999985,54.70929999999896,708.2535999999999,1062.0,6.145933921040645,6.145933921040645,81,87,130,260,630,680,710,710,710,710,710
