Type,Name,Request Count,Failure Count,Median Response Time,Average Response Time,Min Response Time,Max Response Time,Average Content Size,Requests/s,Failures/s,50%,66%,75%,80%,90%,95%,98%,99%,99.9%,99.99%,100%
GET,/,1946,1934,4,18.076125128468664,0.680299999999967,5477.3274,0.7029804727646455,16.238798104189147,16.13866163078202,4,6,15,16,17,18,30,92,3500,5500,5500
GET,/products,1964,1950,4,13.801397505091547,0.8721000000000423,3438.5636,0.8126272912423625,16.38900281429984,16.27217692865819,4,6,15,16,17,18,30,34,1100,3400,3400
GET,/products/categories,1958,1941,4,13.819204545454472,0.743500000000008,1531.2984,0.9897854954034729,16.338934577596277,16.197074573602844,4,6,15,16,17,18,31,98,1100,1500,1500
,Aggregated,5868,5825,4,15.224963650306645,0.680299999999967,5477.3274,0.8353783231083844,48.96673549608526,48.607913133043056,4,6,15,16,17,18,30,92,1300,5500,5500
