Type,Name,Request Count,Failure Count,Median Response Time,Average Response Time,Min Response Time,Max Response Time,Average Content Size,Requests/s,Failures/s,50%,66%,75%,80%,90%,95%,98%,99%,99.9%,99.99%,100%
GET,/users,21,0,63,80.90901428571404,56.066200000000066,235.80979999999929,41839.0,2.6569137523343667,0.0,63,64,67,73,86,220,240,240,240,240,240
GET,/users/1,12,0,57,190.62535000000005,48.29439999999963,551.1590000000002,1403.0,1.5182364299053523,0.0,61,240,330,330,550,550,550,550,550,550,550
PUT,/users/1,9,0,49,99.19951111111125,46.87470000000005,494.0144000000002,961.0,1.1386773224290143,0.0,49,50,51,58,490,490,490,490,490,490,490
POST,/users/add,10,0,49,149.79795000000001,43.01479999999991,543.8280999999998,685.0,1.265197024921127,0.0,52,58,120,510,540,540,540,540,540,540,540
,Aggregated,52,0,62,122.6417038461538,43.01479999999991,551.1590000000002,17518.346153846152,6.57902452958986,0.0,62,64,80,120,330,540,550,550,550,550,550
